{
  "baseline": {
    "model": "baseline",
    "metrics": {
      "MAE": 9914.971289062501,
      "RMSE": 11110.350017755447,
      "MAPE_%": 12.61394508829808
    },
    "naive": {
      "naive_last": {
        "MAE": 5994.7125000000015,
        "RMSE": 7094.9106483979085,
        "MAPE_%": 7.524166002701326
      },
      "naive_season": {
        "MAE": 15092.925000000003,
        "RMSE": 17696.982862341258,
        "MAPE_%": 19.297663188972084
      }
    },
    "improvement_vs_t4": {
      "MAE_pct": 34.307158558977136,
      "RMSE_pct": 37.21895927583228
    }
  },
  "base+fx": {
    "model": "base+fx",
    "metrics": {
      "MAE": 7785.393750000003,
      "RMSE": 9948.95426128519,
      "MAPE_%": 9.758592194394328
    },
    "naive": {
      "naive_last": {
        "MAE": 5994.7125000000015,
        "RMSE": 7094.9106483979085,
        "MAPE_%": 7.524166002701326
      },
      "naive_season": {
        "MAE": 15092.925000000003,
        "RMSE": 17696.982862341258,
        "MAPE_%": 19.297663188972084
      }
    },
    "improvement_vs_t4": {
      "MAE_pct": 48.41693210560576,
      "RMSE_pct": 43.78163589423868
    }
  },
  "base+fx+cpi": {
    "model": "base+fx+cpi",
    "metrics": {
      "MAE": 5967.8648437500015,
      "RMSE": 7191.435683960084,
      "MAPE_%": 7.728778068960786
    },
    "naive": {
      "naive_last": {
        "MAE": 5994.7125000000015,
        "RMSE": 7094.9106483979085,
        "MAPE_%": 7.524166002701326
      },
      "naive_season": {
        "MAE": 15092.925000000003,
        "RMSE": 17696.982862341258,
        "MAPE_%": 19.297663188972084
      }
    },
    "improvement_vs_t4": {
      "MAE_pct": 60.459189694840454,
      "RMSE_pct": 59.363492975611784
    }
  },
  "base+fx+cpi+cargo": {
    "model": "base+fx+cpi+cargo",
    "metrics": {
      "MAE": 5509.2515625000015,
      "RMSE": 6460.054065631965,
      "MAPE_%": 7.084901788787186
    },
    "naive": {
      "naive_last": {
        "MAE": 5994.7125000000015,
        "RMSE": 7094.9106483979085,
        "MAPE_%": 7.524166002701326
      },
      "naive_season": {
        "MAE": 15092.925000000003,
        "RMSE": 17696.982862341258,
        "MAPE_%": 19.297663188972084
      }
    },
    "improvement_vs_t4": {
      "MAE_pct": 63.49778745670571,
      "RMSE_pct": 63.496296990947535
    }
  }
}