{
  "MAE_pct": 63.49778745670571,
  "RMSE_pct": 63.496296990947535
}