{
  "MAE_pct": 34.307158558977136,
  "RMSE_pct": 37.21895927583228
}