{
  "MAE_pct": 60.459189694840454,
  "RMSE_pct": 59.363492975611784
}