{
  "MAE_pct": 48.41693210560576,
  "RMSE_pct": 43.78163589423868
}