{
  "MAE": 7785.393750000003,
  "RMSE": 9948.95426128519,
  "MAPE_%": 9.758592194394328
}