{
  "MAE": 5509.2515625000015,
  "RMSE": 6460.054065631965,
  "MAPE_%": 7.084901788787186
}