{
  "MAE": 9914.971289062501,
  "RMSE": 11110.350017755447,
  "MAPE_%": 12.61394508829808
}