{
  "MAE": 5967.8648437500015,
  "RMSE": 7191.435683960084,
  "MAPE_%": 7.728778068960786
}