{
  "naive_last": {
    "MAE": 5994.7125000000015,
    "RMSE": 7094.9106483979085,
    "MAPE_%": 7.524166002701326
  },
  "naive_season": {
    "MAE": 15092.925000000003,
    "RMSE": 17696.982862341258,
    "MAPE_%": 19.297663188972084
  }
}